{"ticker":"VDE", "results":[{
    "symbol": "VDE",
    "from_date": "2025-02-03",
    "open": 123.4,
    "high": 124.66,
    "low": 122.33,
    "close": 124.09,
    "volume": 498434,
    "pre_market": 123.5,
    "after_hours": 122.78
},{
    "symbol": "VDE",
    "from_date": "2025-02-04",
    "open": 123.42,
    "high": 126.92,
    "low": 123.42,
    "close": 126.75,
    "volume": 385348,
    "pre_market": 123.42,
    "after_hours": 126.71
},{
    "symbol": "VDE",
    "from_date": "2025-02-05",
    "open": 126.77,
    "high": 127.1967,
    "low": 126.087,
    "close": 126.94,
    "volume": 553955,
    "pre_market": 126.77,
    "after_hours": 126.96
},{
    "symbol": "VDE",
    "from_date": "2025-02-06",
    "open": 127.67,
    "high": 127.84,
    "low": 123.85,
    "close": 124.54,
    "volume": 365483,
    "pre_market": 127.01,
    "after_hours": 124.56
},{
    "symbol": "VDE",
    "from_date": "2025-02-07",
    "open": 125,
    "high": 125.5592,
    "low": 124.4,
    "close": 124.46,
    "volume": 190315,
    "pre_market": 125,
    "after_hours": 124.45
},{
    "symbol": "VDE",
    "from_date": "2025-02-10",
    "open": 125.69,
    "high": 127.55,
    "low": 125.66,
    "close": 127.3,
    "volume": 376115,
    "pre_market": 125.69,
    "after_hours": 127.34
},{
    "symbol": "VDE",
    "from_date": "2025-02-11",
    "open": 128.02,
    "high": 129.14,
    "low": 127.16,
    "close": 128.15,
    "volume": 358848,
    "pre_market": 127.75,
    "after_hours": 128.01
},{
    "symbol": "VDE",
    "from_date": "2025-02-12",
    "open": 127.39,
    "high": 127.93,
    "low": 124.78,
    "close": 124.98,
    "volume": 291795,
    "pre_market": 127.42,
    "after_hours": 124.94
},{
    "symbol": "VDE",
    "from_date": "2025-02-13",
    "open": 124.8,
    "high": 126.13,
    "low": 124.04,
    "close": 125.79,
    "volume": 585100,
    "pre_market": 124.8,
    "after_hours": 124.26
},{
    "symbol": "VDE",
    "from_date": "2025-02-14",
    "open": 126.49,
    "high": 128.09,
    "low": 126.2501,
    "close": 126.31,
    "volume": 229186,
    "pre_market": 126.49,
    "after_hours": 126.27
},{
    "symbol": "VDE",
    "from_date": "2025-02-18",
    "open": 126.82,
    "high": 128.78,
    "low": 126.16,
    "close": 127.9,
    "volume": 260674,
    "pre_market": 126.82,
    "after_hours": 127.96
},{
    "symbol": "VDE",
    "from_date": "2025-02-19",
    "open": 128.31,
    "high": 130,
    "low": 128.31,
    "close": 128.73,
    "volume": 184410,
    "pre_market": 127.95,
    "after_hours": 128.76
},{
    "symbol": "VDE",
    "from_date": "2025-02-20",
    "open": 128.73,
    "high": 130.05,
    "low": 128.05,
    "close": 129.85,
    "volume": 627487,
    "pre_market": 128.73,
    "after_hours": 129.8
},{
    "symbol": "VDE",
    "from_date": "2025-02-21",
    "open": 129.16,
    "high": 129.345,
    "low": 126.82,
    "close": 127,
    "volume": 232620,
    "pre_market": 129.4,
    "after_hours": 127
},{
    "symbol": "VDE",
    "from_date": "2025-02-24",
    "open": 127.22,
    "high": 127.59,
    "low": 126.18,
    "close": 126.91,
    "volume": 246007,
    "pre_market": 125.36,
    "after_hours": 126.92
},{
    "symbol": "VDE",
    "from_date": "2025-02-25",
    "open": 126.77,
    "high": 127.37,
    "low": 123.95,
    "close": 124.93,
    "volume": 262730,
    "pre_market": 126.77,
    "after_hours": 124.92
},{
    "symbol": "VDE",
    "from_date": "2025-02-26",
    "open": 125.23,
    "high": 125.4859,
    "low": 123.73,
    "close": 124.46,
    "volume": 283386,
    "pre_market": 125.09,
    "after_hours": 124.35
},{
    "symbol": "VDE",
    "from_date": "2025-02-27",
    "open": 124.91,
    "high": 126.2,
    "low": 124.37,
    "close": 124.66,
    "volume": 208649,
    "pre_market": 125.3999,
    "after_hours": 124.71
},{
    "symbol": "VDE",
    "from_date": "2025-02-28",
    "open": 124.27,
    "high": 126.65,
    "low": 123.5,
    "close": 126.6,
    "volume": 379737,
    "pre_market": 124.27,
    "after_hours": 125.1875
},{
    "symbol": "VDE",
    "from_date": "2025-03-03",
    "open": 126.99,
    "high": 127.7,
    "low": 120.83,
    "close": 121.82,
    "volume": 501588,
    "pre_market": 126.2,
    "after_hours": 121.7818
},{
    "symbol": "VDE",
    "from_date": "2025-03-04",
    "open": 120.06,
    "high": 122.71,
    "low": 118.525,
    "close": 120.85,
    "volume": 536414,
    "pre_market": 120.761,
    "after_hours": 120.37
},{
    "symbol": "VDE",
    "from_date": "2025-03-05",
    "open": 119.37,
    "high": 119.625,
    "low": 116.7771,
    "close": 119.14,
    "volume": 486735,
    "pre_market": 120.05,
    "after_hours": 118.85
},{
    "symbol": "VDE",
    "from_date": "2025-03-06",
    "open": 118.53,
    "high": 120.02,
    "low": 117.6,
    "close": 119.3,
    "volume": 395542,
    "pre_market": 118.75,
    "after_hours": 119.64
},{
    "symbol": "VDE",
    "from_date": "2025-03-07",
    "open": 119.81,
    "high": 122.085,
    "low": 119.81,
    "close": 121.24,
    "volume": 358408,
    "pre_market": 119.61,
    "after_hours": 121.2
},{
    "symbol": "VDE",
    "from_date": "2025-03-10",
    "open": 121.55,
    "high": 123.46,
    "low": 120.75,
    "close": 121.81,
    "volume": 631756,
    "pre_market": 121.55,
    "after_hours": 121.86
},{
    "symbol": "VDE",
    "from_date": "2025-03-11",
    "open": 122.09,
    "high": 122.98,
    "low": 120.44,
    "close": 121.12,
    "volume": 890383,
    "pre_market": 122.5,
    "after_hours": 121.0575
},{
    "symbol": "VDE",
    "from_date": "2025-03-12",
    "open": 121.39,
    "high": 122.81,
    "low": 120.84,
    "close": 121.73,
    "volume": 431268,
    "pre_market": 122.03,
    "after_hours": 121.74
},{
    "symbol": "VDE",
    "from_date": "2025-03-13",
    "open": 121.23,
    "high": 122.9711,
    "low": 120.09,
    "close": 120.86,
    "volume": 309945,
    "pre_market": 121.23,
    "after_hours": 120.12
}]}