{"ticker":"VHT", "results":[{
    "symbol": "VHT",
    "from_date": "2025-02-03",
    "open": 268.68,
    "high": 272.73,
    "low": 268.3584,
    "close": 271.38,
    "volume": 373933,
    "pre_market": 269.8,
    "after_hours": 271.46
},{
    "symbol": "VHT",
    "from_date": "2025-02-04",
    "open": 268.85,
    "high": 271.2623,
    "low": 268.835,
    "close": 270.85,
    "volume": 248476,
    "pre_market": 269.06,
    "after_hours": 271.03
},{
    "symbol": "VHT",
    "from_date": "2025-02-05",
    "open": 271.48,
    "high": 274.19,
    "low": 271.48,
    "close": 273.83,
    "volume": 215015,
    "pre_market": 271.48,
    "after_hours": 273.98
},{
    "symbol": "VHT",
    "from_date": "2025-02-06",
    "open": 273.53,
    "high": 273.77,
    "low": 270.85,
    "close": 271.35,
    "volume": 222287,
    "pre_market": 273.53,
    "after_hours": 271.255
},{
    "symbol": "VHT",
    "from_date": "2025-02-07",
    "open": 271.5,
    "high": 272.5,
    "low": 269.36,
    "close": 269.41,
    "volume": 221035,
    "pre_market": 271.58,
    "after_hours": 269.54
},{
    "symbol": "VHT",
    "from_date": "2025-02-10",
    "open": 269.95,
    "high": 269.95,
    "low": 267.69,
    "close": 268.96,
    "volume": 234109,
    "pre_market": 269.85,
    "after_hours": 269.11
},{
    "symbol": "VHT",
    "from_date": "2025-02-11",
    "open": 268.29,
    "high": 268.79,
    "low": 267.3301,
    "close": 268.16,
    "volume": 161607,
    "pre_market": 268.29,
    "after_hours": 268.19
},{
    "symbol": "VHT",
    "from_date": "2025-02-12",
    "open": 267.28,
    "high": 269.0652,
    "low": 266.8907,
    "close": 267.94,
    "volume": 318760,
    "pre_market": 269,
    "after_hours": 267.93
},{
    "symbol": "VHT",
    "from_date": "2025-02-13",
    "open": 268.51,
    "high": 269.6958,
    "low": 266.92,
    "close": 269.25,
    "volume": 132248,
    "pre_market": 268.51,
    "after_hours": 269.22
},{
    "symbol": "VHT",
    "from_date": "2025-02-14",
    "open": 269.54,
    "high": 269.88,
    "low": 266.655,
    "close": 266.69,
    "volume": 178783,
    "pre_market": 269.54,
    "after_hours": 266.76
},{
    "symbol": "VHT",
    "from_date": "2025-02-18",
    "open": 265.5,
    "high": 267.11,
    "low": 265.5,
    "close": 266.44,
    "volume": 237267,
    "pre_market": 266.55,
    "after_hours": 266.24
},{
    "symbol": "VHT",
    "from_date": "2025-02-19",
    "open": 266.1,
    "high": 269.62,
    "low": 266.1,
    "close": 269.62,
    "volume": 230514,
    "pre_market": 265.93,
    "after_hours": 269.575
},{
    "symbol": "VHT",
    "from_date": "2025-02-20",
    "open": 269.16,
    "high": 270.87,
    "low": 269.16,
    "close": 270.87,
    "volume": 196413,
    "pre_market": 269.16,
    "after_hours": 270.63
},{
    "symbol": "VHT",
    "from_date": "2025-02-21",
    "open": 267.99,
    "high": 270.02,
    "low": 267.99,
    "close": 268.78,
    "volume": 264783,
    "pre_market": 269.52,
    "after_hours": 268.7
},{
    "symbol": "VHT",
    "from_date": "2025-02-24",
    "open": 269.05,
    "high": 271.73,
    "low": 268.29,
    "close": 270.28,
    "volume": 240327,
    "pre_market": 269.5,
    "after_hours": 270.3
},{
    "symbol": "VHT",
    "from_date": "2025-02-25",
    "open": 270.62,
    "high": 272.295,
    "low": 269.44,
    "close": 272.04,
    "volume": 273548,
    "pre_market": 270.38,
    "after_hours": 273
},{
    "symbol": "VHT",
    "from_date": "2025-02-26",
    "open": 271.28,
    "high": 272.34,
    "low": 269.5609,
    "close": 270.45,
    "volume": 203163,
    "pre_market": 270.99,
    "after_hours": 270.35
},{
    "symbol": "VHT",
    "from_date": "2025-02-27",
    "open": 269.91,
    "high": 272.1,
    "low": 268.61,
    "close": 268.69,
    "volume": 241479,
    "pre_market": 271,
    "after_hours": 268.27
},{
    "symbol": "VHT",
    "from_date": "2025-02-28",
    "open": 268.85,
    "high": 272.1,
    "low": 267.35,
    "close": 271.85,
    "volume": 184278,
    "pre_market": 270.01,
    "after_hours": 271.87
},{
    "symbol": "VHT",
    "from_date": "2025-03-03",
    "open": 271.99,
    "high": 273.7248,
    "low": 270.88,
    "close": 271.8,
    "volume": 217387,
    "pre_market": 271.99,
    "after_hours": 271.44
},{
    "symbol": "VHT",
    "from_date": "2025-03-04",
    "open": 271.75,
    "high": 272.36,
    "low": 269.23,
    "close": 269.56,
    "volume": 264781,
    "pre_market": 271.8,
    "after_hours": 269.89
},{
    "symbol": "VHT",
    "from_date": "2025-03-05",
    "open": 268.46,
    "high": 272.78,
    "low": 268.355,
    "close": 272.37,
    "volume": 227276,
    "pre_market": 268.46,
    "after_hours": 272.46
},{
    "symbol": "VHT",
    "from_date": "2025-03-06",
    "open": 270.97,
    "high": 272.32,
    "low": 269.23,
    "close": 271.42,
    "volume": 228432,
    "pre_market": 270.97,
    "after_hours": 271.38
},{
    "symbol": "VHT",
    "from_date": "2025-03-07",
    "open": 270.41,
    "high": 273.34,
    "low": 269.78,
    "close": 271.55,
    "volume": 232108,
    "pre_market": 272.9,
    "after_hours": 271.55
},{
    "symbol": "VHT",
    "from_date": "2025-03-10",
    "open": 269.34,
    "high": 272.1,
    "low": 267.3963,
    "close": 268.27,
    "volume": 246859,
    "pre_market": 270,
    "after_hours": 264.9338
},{
    "symbol": "VHT",
    "from_date": "2025-03-11",
    "open": 268.27,
    "high": 268.63,
    "low": 263.98,
    "close": 265.74,
    "volume": 215986,
    "pre_market": 268.94,
    "after_hours": 265.63
},{
    "symbol": "VHT",
    "from_date": "2025-03-12",
    "open": 265.56,
    "high": 265.84,
    "low": 262.59,
    "close": 263.44,
    "volume": 193285,
    "pre_market": 265.81,
    "after_hours": 263.33
},{
    "symbol": "VHT",
    "from_date": "2025-03-13",
    "open": 263.54,
    "high": 264,
    "low": 260.94,
    "close": 261.62,
    "volume": 150114,
    "pre_market": 264.5,
    "after_hours": 261.72
}]}