{"ticker":"CPB", "results":[{
    "symbol": "CPB",
    "from_date": "2025-02-03",
    "open": 38.63,
    "high": 38.93,
    "low": 38.01,
    "close": 38.13,
    "volume": 2433452.0,
    "pre_market": 38.56,
    "after_hours": 38
},{
    "symbol": "CPB",
    "from_date": "2025-02-04",
    "open": 37.892,
    "high": 38,
    "low": 37.16,
    "close": 37.45,
    "volume": 3255092.0,
    "pre_market": 38.09,
    "after_hours": 37.35
},{
    "symbol": "CPB",
    "from_date": "2025-02-05",
    "open": 37.37,
    "high": 37.55,
    "low": 37.01,
    "close": 37.29,
    "volume": 2762179.0,
    "pre_market": 37.2808,
    "after_hours": 37.4999
},{
    "symbol": "CPB",
    "from_date": "2025-02-06",
    "open": 37.798,
    "high": 37.94,
    "low": 37.435,
    "close": 37.48,
    "volume": 2577805.0,
    "pre_market": 37.49,
    "after_hours": 37.48
},{
    "symbol": "CPB",
    "from_date": "2025-02-07",
    "open": 37.63,
    "high": 37.67,
    "low": 37.275,
    "close": 37.53,
    "volume": 1728274.0,
    "pre_market": 37.64,
    "after_hours": 37.53
},{
    "symbol": "CPB",
    "from_date": "2025-02-10",
    "open": 37.53,
    "high": 37.58,
    "low": 36.92,
    "close": 37.39,
    "volume": 1770935.0,
    "pre_market": 37.56,
    "after_hours": 37.44
},{
    "symbol": "CPB",
    "from_date": "2025-02-11",
    "open": 37.38,
    "high": 38.11,
    "low": 37.13,
    "close": 37.95,
    "volume": 2359843.0,
    "pre_market": 37.35,
    "after_hours": 37.95
},{
    "symbol": "CPB",
    "from_date": "2025-02-12",
    "open": 37.46,
    "high": 38.39,
    "low": 37.455,
    "close": 38.06,
    "volume": 2182504.0,
    "pre_market": 38.12,
    "after_hours": 38.06
},{
    "symbol": "CPB",
    "from_date": "2025-02-13",
    "open": 38.14,
    "high": 38.64,
    "low": 38.12,
    "close": 38.61,
    "volume": 2183923.0,
    "pre_market": 38.2,
    "after_hours": 38.73
},{
    "symbol": "CPB",
    "from_date": "2025-02-14",
    "open": 38.78,
    "high": 39.19,
    "low": 38.501,
    "close": 38.6,
    "volume": 2259587.0,
    "pre_market": 38.7,
    "after_hours": 38.61
},{
    "symbol": "CPB",
    "from_date": "2025-02-18",
    "open": 38.29,
    "high": 38.6,
    "low": 37.91,
    "close": 38.16,
    "volume": 3759363.0,
    "pre_market": 38.64,
    "after_hours": 38.0495
},{
    "symbol": "CPB",
    "from_date": "2025-02-19",
    "open": 38.19,
    "high": 38.72,
    "low": 38.02,
    "close": 38.64,
    "volume": 1853478.0,
    "pre_market": 38.35,
    "after_hours": 38.6
},{
    "symbol": "CPB",
    "from_date": "2025-02-20",
    "open": 38.51,
    "high": 39.69,
    "low": 38.5,
    "close": 39.34,
    "volume": 3212563.0,
    "pre_market": 38.65,
    "after_hours": 39.2073
},{
    "symbol": "CPB",
    "from_date": "2025-02-21",
    "open": 39.34,
    "high": 41.04,
    "low": 39.3,
    "close": 40.59,
    "volume": 3828768.0,
    "pre_market": 39.49,
    "after_hours": 40.58
},{
    "symbol": "CPB",
    "from_date": "2025-02-24",
    "open": 40.6,
    "high": 41.98,
    "low": 40.31,
    "close": 41.33,
    "volume": 3572482.0,
    "pre_market": 40.6,
    "after_hours": 41.35
},{
    "symbol": "CPB",
    "from_date": "2025-02-25",
    "open": 41.3,
    "high": 42.305,
    "low": 41.3,
    "close": 41.66,
    "volume": 2641180.0,
    "pre_market": 41.4999,
    "after_hours": 41.71
},{
    "symbol": "CPB",
    "from_date": "2025-02-26",
    "open": 41.2,
    "high": 41.23,
    "low": 39.7672,
    "close": 40.04,
    "volume": 3465892.0,
    "pre_market": 41.7,
    "after_hours": 39.7552
},{
    "symbol": "CPB",
    "from_date": "2025-02-27",
    "open": 39.93,
    "high": 40.092,
    "low": 39.49,
    "close": 39.85,
    "volume": 3171335.0,
    "pre_market": 39.99,
    "after_hours": 39.88
},{
    "symbol": "CPB",
    "from_date": "2025-02-28",
    "open": 40.105,
    "high": 40.79,
    "low": 39.77,
    "close": 40.06,
    "volume": 3040852.0,
    "pre_market": 39.61,
    "after_hours": 40.06
},{
    "symbol": "CPB",
    "from_date": "2025-03-03",
    "open": 40.05,
    "high": 41.31,
    "low": 39.83,
    "close": 41.29,
    "volume": 3865697.0,
    "pre_market": 40.05,
    "after_hours": 40.608
},{
    "symbol": "CPB",
    "from_date": "2025-03-04",
    "open": 41.43,
    "high": 42.24,
    "low": 40.1,
    "close": 40.33,
    "volume": 6008588.0,
    "pre_market": 41.09,
    "after_hours": 40.5499
},{
    "symbol": "CPB",
    "from_date": "2025-03-05",
    "open": 38.36,
    "high": 39.84,
    "low": 38.07,
    "close": 39.18,
    "volume": 7392034.0,
    "pre_market": 40,
    "after_hours": 39.5
},{
    "symbol": "CPB",
    "from_date": "2025-03-06",
    "open": 39.01,
    "high": 39.965,
    "low": 39.01,
    "close": 39.79,
    "volume": 4295569.0,
    "pre_market": 38.94,
    "after_hours": 39.01
},{
    "symbol": "CPB",
    "from_date": "2025-03-07",
    "open": 39.81,
    "high": 43.65,
    "low": 39.81,
    "close": 41.81,
    "volume": 6592147.0,
    "pre_market": 39.99,
    "after_hours": 41.45
},{
    "symbol": "CPB",
    "from_date": "2025-03-10",
    "open": 42.29,
    "high": 43.85,
    "low": 41.99,
    "close": 42.04,
    "volume": 5083114.0,
    "pre_market": 41.7,
    "after_hours": 42.79
},{
    "symbol": "CPB",
    "from_date": "2025-03-11",
    "open": 41.99,
    "high": 42.21,
    "low": 39.91,
    "close": 39.96,
    "volume": 4297420.0,
    "pre_market": 42.07,
    "after_hours": 40.0478
},{
    "symbol": "CPB",
    "from_date": "2025-03-12",
    "open": 39.19,
    "high": 39.43,
    "low": 38.24,
    "close": 38.58,
    "volume": 3757380.0,
    "pre_market": 40.05,
    "after_hours": 38.78
},{
    "symbol": "CPB",
    "from_date": "2025-03-13",
    "open": 38.66,
    "high": 39.2,
    "low": 38.14,
    "close": 38.47,
    "volume": 2900958.0,
    "pre_market": 38.56,
    "after_hours": 38.203
}]}