{"ticker":"SJM", "results":[{
    "symbol": "SJM",
    "from_date": "2025-02-03",
    "open": 106.21,
    "high": 106.84,
    "low": 104.65,
    "close": 105.88,
    "volume": 750550,
    "pre_market": 109.92,
    "after_hours": 105.88
},{
    "symbol": "SJM",
    "from_date": "2025-02-04",
    "open": 105.94,
    "high": 106.24,
    "low": 103.305,
    "close": 104.67,
    "volume": 811333,
    "pre_market": 105.94,
    "after_hours": 104.67
},{
    "symbol": "SJM",
    "from_date": "2025-02-05",
    "open": 104.31,
    "high": 104.65,
    "low": 103.4682,
    "close": 104.01,
    "volume": 780753,
    "pre_market": 104.31,
    "after_hours": 104.01
},{
    "symbol": "SJM",
    "from_date": "2025-02-06",
    "open": 105.32,
    "high": 105.32,
    "low": 102.795,
    "close": 103.2,
    "volume": 1308380.0,
    "pre_market": 105.32,
    "after_hours": 103.2
},{
    "symbol": "SJM",
    "from_date": "2025-02-07",
    "open": 103.75,
    "high": 103.75,
    "low": 102.35,
    "close": 103.28,
    "volume": 1048089.0,
    "pre_market": 103.26,
    "after_hours": 103.28
},{
    "symbol": "SJM",
    "from_date": "2025-02-10",
    "open": 103.17,
    "high": 104.25,
    "low": 102.025,
    "close": 103,
    "volume": 1240881.0,
    "pre_market": 103.17,
    "after_hours": 103
},{
    "symbol": "SJM",
    "from_date": "2025-02-11",
    "open": 102.89,
    "high": 104.62,
    "low": 101.73,
    "close": 104.35,
    "volume": 1010310.0,
    "pre_market": 102.89,
    "after_hours": 104.35
},{
    "symbol": "SJM",
    "from_date": "2025-02-12",
    "open": 103.61,
    "high": 104.0995,
    "low": 101.95,
    "close": 103.88,
    "volume": 1304382.0,
    "pre_market": 103.04,
    "after_hours": 103.88
},{
    "symbol": "SJM",
    "from_date": "2025-02-13",
    "open": 103.86,
    "high": 105.5258,
    "low": 103.05,
    "close": 105.17,
    "volume": 1035510.0,
    "pre_market": 103.86,
    "after_hours": 105.17
},{
    "symbol": "SJM",
    "from_date": "2025-02-14",
    "open": 103.31,
    "high": 105.17,
    "low": 101.82,
    "close": 102.03,
    "volume": 990852,
    "pre_market": 103.31,
    "after_hours": 102.4401
},{
    "symbol": "SJM",
    "from_date": "2025-02-18",
    "open": 100.6,
    "high": 101.61,
    "low": 98.77,
    "close": 100.41,
    "volume": 2056975.0,
    "pre_market": 101.54,
    "after_hours": 100.41
},{
    "symbol": "SJM",
    "from_date": "2025-02-19",
    "open": 100.65,
    "high": 103.11,
    "low": 100.05,
    "close": 103.02,
    "volume": 1643435.0,
    "pre_market": 100.39,
    "after_hours": 103
},{
    "symbol": "SJM",
    "from_date": "2025-02-20",
    "open": 102.99,
    "high": 107.47,
    "low": 102.795,
    "close": 107.3,
    "volume": 1905215.0,
    "pre_market": 101.0384,
    "after_hours": 107.3
},{
    "symbol": "SJM",
    "from_date": "2025-02-21",
    "open": 107.37,
    "high": 110.86,
    "low": 107.1,
    "close": 110.01,
    "volume": 1711769.0,
    "pre_market": 107.37,
    "after_hours": 110.01
},{
    "symbol": "SJM",
    "from_date": "2025-02-24",
    "open": 109.98,
    "high": 112.73,
    "low": 108.99,
    "close": 110.96,
    "volume": 1393012.0,
    "pre_market": 109.98,
    "after_hours": 110.96
},{
    "symbol": "SJM",
    "from_date": "2025-02-25",
    "open": 111.52,
    "high": 112.88,
    "low": 111.21,
    "close": 112.47,
    "volume": 1027442.0,
    "pre_market": 111.52,
    "after_hours": 112.47
},{
    "symbol": "SJM",
    "from_date": "2025-02-26",
    "open": 111.97,
    "high": 112.11,
    "low": 108.27,
    "close": 109.16,
    "volume": 1710079.0,
    "pre_market": 111.97,
    "after_hours": 111.44
},{
    "symbol": "SJM",
    "from_date": "2025-02-27",
    "open": 104.565,
    "high": 110.83,
    "low": 103.55,
    "close": 109.14,
    "volume": 2506666.0,
    "pre_market": 109.49,
    "after_hours": 109.14
},{
    "symbol": "SJM",
    "from_date": "2025-02-28",
    "open": 110.71,
    "high": 113.385,
    "low": 109.4,
    "close": 110.53,
    "volume": 2024195.0,
    "pre_market": 109.57,
    "after_hours": 110.53
},{
    "symbol": "SJM",
    "from_date": "2025-03-03",
    "open": 110.12,
    "high": 113.11,
    "low": 109.77,
    "close": 112.09,
    "volume": 1430342.0,
    "pre_market": 110.12,
    "after_hours": 112.09
},{
    "symbol": "SJM",
    "from_date": "2025-03-04",
    "open": 112.74,
    "high": 114.91,
    "low": 109.73,
    "close": 109.84,
    "volume": 1664058.0,
    "pre_market": 112.74,
    "after_hours": 109.84
},{
    "symbol": "SJM",
    "from_date": "2025-03-05",
    "open": 109.13,
    "high": 111.27,
    "low": 108.57,
    "close": 109.38,
    "volume": 1224393.0,
    "pre_market": 109.6,
    "after_hours": 109.38
},{
    "symbol": "SJM",
    "from_date": "2025-03-06",
    "open": 109.64,
    "high": 112.7,
    "low": 108.68,
    "close": 111.49,
    "volume": 1115576.0,
    "pre_market": 108.98,
    "after_hours": 111.49
},{
    "symbol": "SJM",
    "from_date": "2025-03-07",
    "open": 111.14,
    "high": 120.36,
    "low": 111.14,
    "close": 117.38,
    "volume": 2407972.0,
    "pre_market": 111.14,
    "after_hours": 117.38
},{
    "symbol": "SJM",
    "from_date": "2025-03-10",
    "open": 118.01,
    "high": 121.48,
    "low": 116.805,
    "close": 117.1,
    "volume": 1901553.0,
    "pre_market": 119.9,
    "after_hours": 117.1
},{
    "symbol": "SJM",
    "from_date": "2025-03-11",
    "open": 116.64,
    "high": 116.99,
    "low": 113.75,
    "close": 114.26,
    "volume": 1506996.0,
    "pre_market": 117,
    "after_hours": 114.26
},{
    "symbol": "SJM",
    "from_date": "2025-03-12",
    "open": 111.94,
    "high": 112.765,
    "low": 110.37,
    "close": 111.03,
    "volume": 1164489.0,
    "pre_market": 113.1,
    "after_hours": 111.03
},{
    "symbol": "SJM",
    "from_date": "2025-03-13",
    "open": 111.88,
    "high": 113.6605,
    "low": 110.9801,
    "close": 111.76,
    "volume": 1260095.0,
    "pre_market": 111.7,
    "after_hours": 111.76
}]}