{"ticker":"AMZN", "results":[{
    "symbol": "AMZN",
    "from_date": "2025-03-03",
    "open": 213.352,
    "high": 214.01,
    "low": 202.55,
    "close": 205.02,
    "volume": 42216086.0,
    "pre_market": 213.16,
    "after_hours": 205.2314
},{
    "symbol": "AMZN",
    "from_date": "2025-03-04",
    "open": 200.11,
    "high": 206.8,
    "low": 197.432,
    "close": 203.8,
    "volume": 60105535.0,
    "pre_market": 205.29,
    "after_hours": 206.1305
},{
    "symbol": "AMZN",
    "from_date": "2025-03-05",
    "open": 204.8,
    "high": 209.98,
    "low": 203.26,
    "close": 208.36,
    "volume": 37499761.0,
    "pre_market": 206.49,
    "after_hours": 208.11
},{
    "symbol": "AMZN",
    "from_date": "2025-03-06",
    "open": 204.4,
    "high": 205.77,
    "low": 198.3015,
    "close": 200.7,
    "volume": 46651586.0,
    "pre_market": 208.1,
    "after_hours": 200.7001
},{
    "symbol": "AMZN",
    "from_date": "2025-03-07",
    "open": 199.49,
    "high": 202.2653,
    "low": 192.53,
    "close": 199.25,
    "volume": 57576916.0,
    "pre_market": 200.78,
    "after_hours": 199.02
}]}