{"ticker":"VNQ", "results":[{
    "symbol": "VNQ",
    "from_date": "2025-02-03",
    "open": 89.75,
    "high": 90.71,
    "low": 88.92,
    "close": 90.36,
    "volume": 5139954.0,
    "pre_market": 90,
    "after_hours": 90.59
},{
    "symbol": "VNQ",
    "from_date": "2025-02-04",
    "open": 89.81,
    "high": 90.635,
    "low": 89.5,
    "close": 90.43,
    "volume": 3371536.0,
    "pre_market": 90.05,
    "after_hours": 90.37
},{
    "symbol": "VNQ",
    "from_date": "2025-02-05",
    "open": 91.28,
    "high": 91.895,
    "low": 90.47,
    "close": 91.7,
    "volume": 3275147.0,
    "pre_market": 90.5,
    "after_hours": 91.73
},{
    "symbol": "VNQ",
    "from_date": "2025-02-06",
    "open": 92.21,
    "high": 92.21,
    "low": 91.34,
    "close": 91.93,
    "volume": 3165059.0,
    "pre_market": 92,
    "after_hours": 92
},{
    "symbol": "VNQ",
    "from_date": "2025-02-07",
    "open": 92.1,
    "high": 92.155,
    "low": 91.1,
    "close": 91.63,
    "volume": 2515596.0,
    "pre_market": 92.01,
    "after_hours": 91.69
},{
    "symbol": "VNQ",
    "from_date": "2025-02-10",
    "open": 91.79,
    "high": 91.835,
    "low": 90.9,
    "close": 91.59,
    "volume": 2195458.0,
    "pre_market": 91.86,
    "after_hours": 91.4404
},{
    "symbol": "VNQ",
    "from_date": "2025-02-11",
    "open": 91.18,
    "high": 92.03,
    "low": 91.09,
    "close": 91.99,
    "volume": 2260086.0,
    "pre_market": 91.4,
    "after_hours": 91.991
},{
    "symbol": "VNQ",
    "from_date": "2025-02-12",
    "open": 90.15,
    "high": 91.43,
    "low": 90.011,
    "close": 91.14,
    "volume": 4745588.0,
    "pre_market": 91.86,
    "after_hours": 91.1
},{
    "symbol": "VNQ",
    "from_date": "2025-02-13",
    "open": 91,
    "high": 92.21,
    "low": 90.81,
    "close": 92.05,
    "volume": 3613921.0,
    "pre_market": 91.21,
    "after_hours": 92.146
},{
    "symbol": "VNQ",
    "from_date": "2025-02-14",
    "open": 92.28,
    "high": 92.69,
    "low": 91.61,
    "close": 91.63,
    "volume": 2344320.0,
    "pre_market": 92.05,
    "after_hours": 91.65
},{
    "symbol": "VNQ",
    "from_date": "2025-02-18",
    "open": 91.49,
    "high": 92.355,
    "low": 91.37,
    "close": 92.04,
    "volume": 2496475.0,
    "pre_market": 91.81,
    "after_hours": 92
},{
    "symbol": "VNQ",
    "from_date": "2025-02-19",
    "open": 91.64,
    "high": 92.34,
    "low": 91.45,
    "close": 92.11,
    "volume": 2339067.0,
    "pre_market": 91.85,
    "after_hours": 92.189
},{
    "symbol": "VNQ",
    "from_date": "2025-02-20",
    "open": 92.04,
    "high": 92.66,
    "low": 91.59,
    "close": 92.55,
    "volume": 2460666.0,
    "pre_market": 92.11,
    "after_hours": 92.5
},{
    "symbol": "VNQ",
    "from_date": "2025-02-21",
    "open": 92.715,
    "high": 92.77,
    "low": 91.1033,
    "close": 91.64,
    "volume": 2534668.0,
    "pre_market": 92.715,
    "after_hours": 91.64
},{
    "symbol": "VNQ",
    "from_date": "2025-02-24",
    "open": 91.77,
    "high": 92.58,
    "low": 91.365,
    "close": 92,
    "volume": 3258753.0,
    "pre_market": 92.11,
    "after_hours": 92.05
},{
    "symbol": "VNQ",
    "from_date": "2025-02-25",
    "open": 92.26,
    "high": 93.55,
    "low": 92.26,
    "close": 93.13,
    "volume": 4329449.0,
    "pre_market": 92.21,
    "after_hours": 93.11
},{
    "symbol": "VNQ",
    "from_date": "2025-02-26",
    "open": 93.34,
    "high": 93.54,
    "low": 92.42,
    "close": 92.74,
    "volume": 2828870.0,
    "pre_market": 93.29,
    "after_hours": 92.61
},{
    "symbol": "VNQ",
    "from_date": "2025-02-27",
    "open": 92.76,
    "high": 93.66,
    "low": 92.61,
    "close": 93.11,
    "volume": 2379477.0,
    "pre_market": 93.2,
    "after_hours": 93.15
},{
    "symbol": "VNQ",
    "from_date": "2025-02-28",
    "open": 93.53,
    "high": 93.94,
    "low": 92.82,
    "close": 93.9,
    "volume": 4020123.0,
    "pre_market": 93.07,
    "after_hours": 93.9908
},{
    "symbol": "VNQ",
    "from_date": "2025-03-03",
    "open": 94.035,
    "high": 94.95,
    "low": 93.8,
    "close": 94.34,
    "volume": 4595838.0,
    "pre_market": 94.24,
    "after_hours": 94.45
},{
    "symbol": "VNQ",
    "from_date": "2025-03-04",
    "open": 94.33,
    "high": 94.9,
    "low": 93.12,
    "close": 93.25,
    "volume": 4539836.0,
    "pre_market": 94.05,
    "after_hours": 93.61
},{
    "symbol": "VNQ",
    "from_date": "2025-03-05",
    "open": 92.68,
    "high": 94.46,
    "low": 92.485,
    "close": 94.29,
    "volume": 2538766.0,
    "pre_market": 93.25,
    "after_hours": 94.31
},{
    "symbol": "VNQ",
    "from_date": "2025-03-06",
    "open": 93.34,
    "high": 93.62,
    "low": 91.64,
    "close": 91.87,
    "volume": 4860337.0,
    "pre_market": 93.24,
    "after_hours": 91.87
},{
    "symbol": "VNQ",
    "from_date": "2025-03-07",
    "open": 91.9,
    "high": 92.84,
    "low": 91.31,
    "close": 92.42,
    "volume": 4447152.0,
    "pre_market": 91.94,
    "after_hours": 92.49
},{
    "symbol": "VNQ",
    "from_date": "2025-03-10",
    "open": 92.32,
    "high": 93.32,
    "low": 91.03,
    "close": 91.53,
    "volume": 3534607.0,
    "pre_market": 91.66,
    "after_hours": 91.49
},{
    "symbol": "VNQ",
    "from_date": "2025-03-11",
    "open": 91.53,
    "high": 92,
    "low": 89.91,
    "close": 90.46,
    "volume": 3891587.0,
    "pre_market": 91.84,
    "after_hours": 90.75
},{
    "symbol": "VNQ",
    "from_date": "2025-03-12",
    "open": 90.61,
    "high": 90.96,
    "low": 89.76,
    "close": 90.18,
    "volume": 3299182.0,
    "pre_market": 90.95,
    "after_hours": 90.15
},{
    "symbol": "VNQ",
    "from_date": "2025-03-13",
    "open": 90.18,
    "high": 90.8,
    "low": 88.2894,
    "close": 88.4,
    "volume": 4077795.0,
    "pre_market": 90.28,
    "after_hours": 88.78
}]}